index,centrality,date_y,kmeans,dbscan
news,0.14373452236905024,1195,6,-1
television,0.04705490357354063,100,7,-1
leagueoflegends,0.02463664297989176,695,4,-1
argentina,0.0006033420402801692,29,0,-1
askreddit,0.4126945439595717,22523,1,-1
oldschoolcool,0.02826647189485558,27,0,0
shadowverse,0.00026301047476195137,3,0,1
asktrumpsupporters,0.0038095451776752,29,0,-1
motorcycles,0.007800098063011796,15,0,2
hockey,0.01336989147176336,1467,6,-1
pokemonplaza,0.0002659203171763885,21,0,3
wtf,0.09785625122901359,165,7,-1
the_donald,0.04396153748224771,3860,8,-1
technology,0.06088608138360968,163,7,-1
wow,0.01783018775057444,179,7,-1
mariners,0.0005562753518412236,0,0,4
lifeprotips,0.035412402581061396,35,0,-1
squaredcircle,0.01095544989670424,1295,6,-1
politics,0.13478621188673345,7658,2,-1
minecraft,0.006495950266961209,10,0,5
electronic_cigarette,0.007078245664711726,62,0,-1
conservative,0.005352072207081136,25,0,6
skyrim,0.01104753656900527,34,0,7
meirl,0.005141762264169646,3,0,1
thelastairbender,0.0016250912901621135,0,0,4
travel,0.003444652468973837,1,0,8
competitiveoverwatch,0.0023780131651779134,6,0,9
dbzdokkanbattle,0.0007021234671207112,32,0,-1
worldpolitics,0.0049660042751157474,3,0,1
nfl,0.035555635893779906,2986,5,-1
skyrimmods,0.001318883908741846,5,0,10
pokemongo,0.02301910781533749,249,7,-1
sandersforpresident,0.01301431518519047,34,0,7
nintendo,0.005079092521799304,8,0,11
ffbraveexvius,0.0007791702185537588,86,7,-1
aww,0.06428787656998448,103,7,-1
nba,0.02266159011632474,1895,3,-1
mma,0.016140127785946562,1252,6,-1
blackpeopletwitter,0.02926969226421972,61,0,-1
clashroyale,0.002555354696436802,72,0,-1
baseball,0.012926012886212885,283,7,-1
tumblrinaction,0.02265666878096258,76,0,-1
australia,0.007883369379656233,37,0,12
okcupid,0.004305356564510141,108,7,-1
thelastofus,0.0005790847836462765,0,0,4
anime,0.01030925945158627,218,7,-1
sportsbook,0.0007288235484828223,5,0,10
guitar,0.004778792544945018,8,0,11
relationship_advice,0.003833476122076644,19,0,13
thathappened,0.007325315615575291,14,0,14
cfb,0.017675259395895024,2355,3,-1
guildwars2,0.002180182993221325,23,0,15
soccer,0.020137751881784145,869,4,-1
frankocean,0.0002963681638117938,3,0,1
adviceanimals,0.10448757084890314,228,7,-1
mapporn,0.006913226091298874,4,0,16
hearthstone,0.013427808057618607,132,7,-1
redlettermedia,0.0016238092940048128,4,0,16
newjersey,0.001221265874396458,2,0,17
rocketleagueexchange,0.002616355603748804,1438,6,-1
dccomics,0.002757787530925108,8,0,11
europe,0.013353751694841242,163,7,-1
dbz,0.003922514772389717,22,0,18
ygobinders,3.1379852201820964e-05,1,0,8
applehelp,0.001199210889505393,4,0,16
gaming,0.12667047013612395,449,9,-1
reactiongifs,0.01380275225478066,4,0,16
showerthoughts,0.08823903185519485,218,7,-1
repsneakers,0.0006810871839240448,3,0,1
vive,0.004698297830104994,25,0,6
globaloffensive,0.013282452154982754,227,7,-1
smashbros,0.004207279294164171,28,0,19
fifa,0.002705479106385292,136,7,-1
miamidolphins,0.0020566342335018263,171,7,-1
asianbeauty,0.0006963076912993771,7,0,20
worldnews,0.1564533322842644,1262,6,-1
lewronggeneration,0.002259736355710111,2,0,17
republican,0.0007994220262369922,1,0,8
southpark,0.00462954061022993,8,0,11
smite,0.002455138343688089,60,0,-1
applyingtocollege,0.00020998706199231693,8,0,11
gameofthrones,0.015780506936674304,54,0,-1
gifs,0.11863609424804826,271,7,-1
conspiracy,0.015133109725280204,92,7,-1
mildlyinfuriating,0.01159089569071911,6,0,9
fitness,0.019977576078232504,38,0,-1
tinder,0.011168657101107565,13,0,21
serialpodcast,0.00038452016833599533,1,0,8
pcmasterrace,0.0466798849764735,508,9,-1
unturned,0.0005592130031804041,4,0,16
explainlikeimfive,0.04512239802184651,74,0,-1
homelab,0.0012219807929393963,5,0,10
hardware,0.00189003327424973,3,0,1
eve,0.004064543714271234,34,0,7
jokes,0.03274236659738818,43,0,-1
pics,0.20551566006983782,867,4,-1
eu4,0.002424403942680593,19,0,13
turkey,0.0005516371866904527,0,0,4
camparcadia,9.60471891389893e-09,13,0,21
opieandanthony,0.0013373458426820064,21,0,3
thedivision,0.0052545832185982395,37,0,12
makinghiphop,0.0007614893754790608,8,0,11
gonewildplus,0.00034569212528902035,4,0,16
bakanewsjp,5.168805842627651e-08,0,0,4
avengersacademygame,8.419989860485784e-05,2,0,17
casualpokemontrades,0.0007526955457789733,9,0,22
todayilearned,0.17258242395609044,639,4,-1
headphones,0.0023425892121538678,7,0,20
camphalfbloodrp,3.143617037634799e-05,41,0,-1
titanfall,0.0035659040792547546,28,0,19
random_acts_of_amazon,0.0008286706140881125,70,0,-1
mrrobot,0.00281989443894197,4,0,16
shitamericanssay,0.003759689164118269,16,0,23
askdocs,0.0011078984674300666,5,0,10
metalgearsolid,0.002806608004574037,3,0,1
ottawa,0.0009968266906358438,5,0,10
relationships,0.018345874891983978,106,7,-1
listentothis,0.0037208032922163995,3,0,1
diablo3,0.0013350325533258035,2,0,17
elderscrollsonline,0.0023584358121283475,11,0,24
phantomforces,6.780659039218515e-05,17,0,25
movies,0.09192919195805924,395,9,-1
americanhorrorstory,0.0013038343085781561,9,0,22
ukraina,0.00029286367914791356,4,0,16
marvel,0.004333202151674512,15,0,2
collegebasketball,0.004421917469598739,84,7,-1
gamingsuggestions,0.000953715063775463,1,0,8
grandtheftautov,0.003774351362550297,7,0,20
hotwheels,9.980737469554204e-05,0,0,4
mensrights,0.005973556253337664,15,0,2
enoughtrumpspam,0.017830967991432436,98,7,-1
2007scape,0.004278690142425249,41,0,-1
programming,0.007214620614417981,12,0,26
penguins,0.0005360166268150482,11,0,24
stevenuniverse,0.0039541029725916966,27,0,0
worldofwarships,0.0011863431305259942,9,0,22
dota2,0.011696138851098,269,7,-1
jaguars,0.00036321768674268,1,0,8
ffxiv,0.002929268014686426,27,0,0
youtubehaiku,0.007029659687560847,5,0,10
soccerspirits,0.000122073363608375,4,0,16
floridagators,0.00042123084662195535,2,0,17
political_revolution,0.006289755550132059,12,0,26
hardwareswap,0.0016634447658624334,13,0,21
mls,0.002720682014720759,43,0,-1
breakingmom,0.0006179415562768795,0,0,4
maddenultimateteam,0.0007288938386097152,26,0,-1
army,0.0018489133128707816,3,0,1
documentaries,0.01768974519945423,15,0,2
askphilosophy,0.0009020364336802201,3,0,1
learndota2,0.001350580092536931,4,0,16
pathofexile,0.003514534892040919,59,0,-1
sysadmin,0.007489257635432297,20,0,27
floridaman,0.0025493865158077193,1,0,8
wishlist,0.00011833000571654386,59,0,-1
savedyouaclick,0.0031539692678947324,3,0,1
brasil,0.0008256674914129056,16,0,23
philadelphia,0.0014716286353481348,0,0,4
makeupaddiction,0.0039399209261941175,15,0,2
millionairemakers,0.0030306694135937523,2,0,17
whatisthisthing,0.006524782225862372,8,0,11
osha,0.003833082487322851,0,0,4
france,0.0015648060544410424,51,0,-1
nyc,0.0038134501238872363,5,0,10
bestoflegaladvice,0.000979413257049629,2,0,17
cars,0.010311620066485281,46,0,-1
nba2k,0.0015583099862970394,19,0,13
yugioh,0.000954707052845511,11,0,24
nhlhut,0.0005793484102544288,58,0,-1
westworld,0.008746477922193494,70,0,-1
oddlysatisfying,0.010903243503166824,3,0,1
unitedkingdom,0.008916660405250796,97,7,-1
kotakuinaction,0.007896368165404311,52,0,-1
rainbow6,0.004565639936229182,80,7,-1
topgear,0.0023019288883062683,1,0,8
bicycling,0.003550040720953956,4,0,16
vaping,0.0013746975756399682,2,0,17
foodforthought,0.0014078657263551506,0,0,4
rotmg,0.0003533025402826794,0,0,4
cringepics,0.014453449562203695,5,0,10
supremeclothing,0.00047021713282321953,5,0,10
drama,0.002572320014789991,26,0,-1
h1z1,0.0009608818157242947,5,0,10
pussypassdenied,0.005477000238830566,7,0,20
games,0.027044700130560963,94,7,-1
judaism,0.0005261317325810518,1,0,8
futurology,0.03572400921552072,76,0,-1
fireteams,0.0026206581039541553,9,0,22
highqualitygifs,0.005213239058621557,2,0,17
lifeisstrange,0.0005743422457804765,1,0,8
medicalschool,0.0006216467161322006,1,0,8
fashionreps,0.0013532401876365833,14,0,14
ukpolitics,0.004846818186839866,134,7,-1
codcompetitive,0.0004141614166125395,7,0,20
teslamotors,0.0034724843471865495,6,0,9
dotamasterrace,0.0002833856385398332,2,0,17
neopets,0.0008705197474624213,1,0,8
chargers,0.0007250813485898743,3,0,1
cringeanarchy,0.016110739096240535,90,7,-1
mechanicalkeyboards,0.004414235123477102,24,0,-1
hiphopheads,0.010456459165556741,117,7,-1
monsterhunter,0.0018378829407330222,8,0,11
magictcg,0.006454763630245128,25,0,6
swtor,0.0013026141835658863,8,0,11
babymetal,6.469173129028909e-05,8,0,11
cringe,0.012031035677025854,10,0,5
nosleep,0.00417498690699471,6,0,9
advancedrunning,0.00013007840340331715,1,0,8
planetside,0.0015724098839067378,15,0,2
iphone,0.004746754377275619,5,0,10
dccomicslegendsgame,9.299028275880178e-06,4,0,16
destinythegame,0.010476461942229016,179,7,-1
unexpected,0.011620418903022399,3,0,1
giveaways,-8.684505522645994e-20,2,0,17
confession,0.002934794156458492,3,0,1
the_schulz,0.00027883873515313135,10,0,5
starcraft,0.0036773512516393883,8,0,11
nottheonion,0.04243289027240348,63,0,-1
buildapc,0.013790406217580342,105,7,-1
clashofclans,0.0018168832989908198,3,0,1
cordcutters,0.0018254137107263236,4,0,16
mildlyinteresting,0.060357088714764175,88,7,-1
thebutton,0.0016999838936851686,1,0,8
starwars,0.01975466671889443,117,7,-1
shittyfoodporn,0.0042719163745821055,4,0,16
newzealand,0.0023063567428566927,22,0,18
videos,0.15471515873817773,560,9,-1
lsd,0.0018181864529924533,2,0,17
polska,0.0004037240252640594,17,0,25
wwe,0.0007547447607778737,7,0,20
vaporents,0.0015364129815419228,2,0,17
steelers,0.0007429393449066743,12,0,26
crusaderkings,0.0019366362290066466,10,0,5
rupaulsdragrace,0.001288610300582261,30,0,-1
funny,0.19432121445305275,715,4,-1
formula1,0.00429525423920255,34,0,7
fatlogic,0.006146028621316872,18,0,28
marvelstudios,0.0043945231446350696,10,0,5
reddevils,0.0026586113533034333,68,0,-1
books,0.01964754010466415,14,0,14
legendsoftomorrow,0.001071585554028308,16,0,23
heroesofthestorm,0.004204244021186699,47,0,-1
keto,0.003929031863937005,14,0,14
civ,0.007373958664518221,16,0,23
survivor,0.0012712817127320457,28,0,19
canucks,0.00042077421137580456,13,0,21
horror,0.002118276096961557,2,0,17
sneakers,0.003290583312224591,31,0,-1
roleplayponies,2.646982589163466e-05,16,0,23
kappa,0.0013228845636038262,18,0,28
streetwear,0.004168747767001214,41,0,-1
battlestations,0.0023579673273697054,3,0,1
trees,0.025679437936748355,55,0,-1
oculus,0.0032212836066943485,22,0,18
pokemongiveaway,0.0010908788702778073,236,7,-1
howardstern,0.0011829181383257684,16,0,23
bikinibottomtwitter,0.001746355513908861,1,0,8
fountainpens,0.0013126906010547139,14,0,14
warhammer,0.0012406604919725944,0,0,4
nofap,0.0016176246537129508,12,0,26
actrade,0.0006427545906415132,12,0,26
raspberry_pi,0.002188426347027069,1,0,8
mlbtheshow,0.000318286126624035,2,0,17
supergirltv,0.0007512202626526029,18,0,28
drunkenpeasants,0.0003268045755612579,0,0,4
furry,0.0014324131109284108,6,0,9
nexus6p,0.0012132618457849887,2,0,17
android,0.018439566531621456,56,0,-1
netrunner,0.0004397007237938498,1,0,8
anime_irl,0.001985574826148467,4,0,16
askanamerican,0.003809675166128862,8,0,11
india,0.0021435064698099807,95,7,-1
iama,0.05758353849594704,109,7,-1
outoftheloop,0.010871403521280461,19,0,13
radiohead,0.001457110761082358,0,0,4
russia,0.0006493988451871545,0,0,4
darksouls,0.002629087537009248,5,0,10
mlplounge,0.0004917422315238126,18,0,28
tipofmytongue,0.005783392183119292,3,0,1
windowsphone,0.0016917393663182152,2,0,17
tf2,0.005545834653466064,39,0,29
thinkpad,0.00046267907162475264,5,0,10
blackfellas,0.0002437493949554739,0,0,4
schoolidolfestival,0.00011460572084789771,9,0,22
hillaryclinton,0.006010150623783539,31,0,-1
sjwhate,0.0009498683858972374,1,0,8
aceattorney,7.310873295299497e-05,2,0,17
rarepuppers,0.0014148389128303088,4,0,16
canadian_ecigarette,0.0001867257482215342,1,0,8
longboarding,0.000916590153253317,0,0,4
askwomen,0.009244317874467733,52,0,-1
strawhatrpg,1.3910107865678551e-19,2,0,17
socialism,0.00263774166944009,5,0,10
wallstreetbets,0.002359708855733567,11,0,24
winnipeg,0.0007247401373004348,6,0,9
guns,0.009153642026999875,40,0,-1
daystrominstitute,0.0012588587246523256,0,0,4
interestingasfuck,0.02523756640470742,14,0,14
totalwar,0.0031006623301060693,3,0,1
cfbofftopic,0.00024306295263362064,36,0,-1
globaloffensivetrade,0.001753313944164187,69,0,-1
toronto,0.003213342562964108,11,0,24
sports,0.022984355872559294,32,0,-1
crappydesign,0.007365883165531584,3,0,1
redditgetsdrawn,0.001071774700236529,5,0,10
namenerds,0.00030176401878585546,1,0,8
photography,0.0036406064130369456,7,0,20
syriancivilwar,0.0015059889650017593,22,0,18
samharris,0.00048576628878616864,2,0,17
androidquestions,0.002030661400995305,1,0,8
battlefield,0.004308696780383263,10,0,5
subredditsimulator,6.792255261597596e-05,1,0,8
offbeat,0.00452013055856948,3,0,1
fallout,0.009649701947682596,17,0,25
sydney,0.0010540985875613696,7,0,20
pokemon,0.017151799223517842,178,7,-1
capitalismvsocialism,0.0009673319244612555,21,0,3
ggfreeforall,0.0001001956525924033,6,0,9
bestof,0.01823394301208389,10,0,5
counting,0.0007416740032182697,445,9,-1
learnpython,0.001298311722107234,2,0,17
writing,0.002880799792752406,9,0,22
onewordeach,0.001202157019552362,2,0,17
dogecoin,0.001162704045318826,5,0,10
vegan,0.003234959502055619,7,0,20
infamoussecondrp,2.882901619323606e-05,13,0,21
infertility,9.240838503582397e-05,6,0,9
cricket,0.002407262727673033,841,4,-1
linux,0.0037093721557720353,4,0,16
doctorwho,0.002534216179263347,0,0,4
amd,0.0038561299029335155,10,0,5
feet,0.00030590279166474785,2,0,17
warriors,0.0015711660188992933,15,0,2
germany,0.0016501137766851272,6,0,9
summonerswar,0.0008481247501909601,12,0,26
denmark,0.0013070827897539235,6,0,9
canada,0.012263058378744973,49,0,-1
witcher,0.003967125001470235,9,0,22
crazyideas,0.004229073017865854,3,0,1
subredditdrama,0.010492507377341925,35,0,-1
randomactsofcards,0.00028045368342364586,2,0,17
gaybros,0.001143090543985862,1,0,8
exchristian,0.0005849892836696823,1,0,8
starwarsleaks,0.001000175731450491,2,0,17
ireland,0.001925693184516652,8,0,11
buildapcsales,0.003922318165956107,11,0,24
drugs,0.00740020769394382,18,0,28
zen,0.0005633038892151825,9,0,22
nascar,0.001080052551779338,18,0,28
fantasybaseball,0.0006336065402143682,6,0,9
worldpowers,0.00013261944954831784,8,0,11
overwatch,0.02958427151771188,517,9,-1
topmindsofreddit,0.0012789806786599983,2,0,17
frugal,0.008141429315505901,5,0,10
multicopter,0.0009791905579941361,1,0,8
bitcoinmarkets,0.000497679994726138,4,0,16
pokemontrades,0.0017575600561941284,479,9,-1
greece,0.00040496575957038334,2,0,17
nrl,0.0009128059078006848,36,0,-1
askuk,0.0011488302665050897,11,0,24
asktrp,0.0012762674229732775,3,0,1
actuallesbians,0.0011529242175195749,2,0,17
onepunchman,0.000835484023400047,1,0,8
exmormon,0.0013593885085927246,30,0,-1
debateachristian,0.0006547671363967359,2,0,17
kossacks_for_sanders,0.000640168750010276,3,0,1
dankmemes,0.003439374459443589,20,0,27
starbucks,0.0007579794223844557,5,0,10
music,0.034639231104660814,44,0,-1
southafrica,0.0005625099681060072,1,0,8
boxing,0.0012825797029584634,12,0,26
croatia,0.00017414663153659615,4,0,16
dfsports,0.00047480804185123224,3,0,1
malefashion,0.00027084182548617737,1,0,8
publicfreakout,0.011564004301160313,16,0,23
depression,0.0035514323117819264,6,0,9
gonewild30plus,0.0002738450217399299,1,0,8
fantasyfootball,0.01041744576038749,232,7,-1
scotland,0.0014798530561826225,9,0,22
nsfw,0.0032249750370492397,2,0,17
cardinals,0.00046687759185408086,24,0,-1
codzombies,0.00149590420652348,12,0,26
asktransgender,0.0017411021059504485,22,0,18
thalassophobia,0.0026233347187832705,0,0,4
roadcam,0.005430257069241955,4,0,16
askmen,0.01514813274420472,91,7,-1
bitcoin,0.003818658588725306,24,0,-1
wargame,0.000148915753640371,7,0,20
uberdrivers,0.00119805813918108,10,0,5
redpillwomen,0.00022410328546521602,1,0,8
metacanada,0.0005435982961152652,1,0,8
short,0.0008648341031810187,6,0,9
skeptic,0.0026977118943905727,2,0,17
masseffect,0.002723965845755742,3,0,1
4chan,0.015838774383912346,28,0,19
nsfw_gif,0.003136987679066398,1,0,8
purplepilldebate,0.000967679975889172,37,0,12
wiiu,0.0016962843636213303,2,0,17
space,0.025248089584187332,23,0,15
debatealtright,0.0003896440199695451,7,0,20
community,0.0013880814149956732,1,0,8
patriots,0.002894354686098425,61,0,-1
fantasypl,0.0006481290389507018,21,0,3
swgalaxyofheroes,0.000793218035240944,14,0,14
newsokunomoral,1.5964844691629653e-07,11,0,24
olympics,0.003663603537660626,11,0,24
androidgaming,0.002374130310797394,2,0,17
math,0.002180673303374222,3,0,1
makeuprehab,0.00018689742201924,0,0,4
iasip,0.0025793008798471397,1,0,8
kerbalspaceprogram,0.003800585896323385,3,0,1
apple,0.010968634980282011,39,0,29
ethereum,0.0003664478075329649,4,0,16
rocketleague,0.009388573951594172,36,0,-1
theredpill,0.0030026223712808333,5,0,10
belgium,0.0005128284473992276,7,0,20
bloodborne,0.0018690291089010344,8,0,11
podemos,0.00013519466533920568,15,0,2
kansascitychiefs,0.0005940133465298276,5,0,10
sweden,0.003501305724397062,17,0,25
japan,0.0010836826511680538,3,0,1
entp,0.0004386543273553103,3,0,1
csgobetting,0.0013271248930800841,4,0,16
changemyview,0.008763596602741355,23,0,15
shortscarystories,0.00028800696628376393,1,0,8
puzzleanddragons,0.0006863150991834767,4,0,16
pokemongodev,0.00096830735044012,0,0,4
dncleaks,0.0015366519192639085,3,0,1
gentlemanboners,0.0040680152240119335,3,0,1
tokyoghoul,0.0003513773262913229,1,0,8
mountandblade,0.0010665886534438503,0,0,4
greenbaypackers,0.001933645352661214,23,0,15
chelseafc,0.000868755202111172,2,0,17
fantasy,0.0022037988270338766,3,0,1
linuxmasterrace,0.0011319356103374487,1,0,8
scuba,0.0006034727762246554,2,0,17
gunners,0.001458351692355612,19,0,13
environment,0.002286513061937308,4,0,16
photoshopbattles,0.009665002660565454,13,0,21
warframe,0.0030370776974676075,25,0,6
shouldibuythisgame,0.001009739966936104,0,0,4
chicago,0.0033405495268179317,5,0,10
sanjosesharks,0.0005691290528103916,9,0,22
boardgames,0.0031979137055473815,15,0,2
tifu,0.033008671898230195,29,0,-1
picturegame,0.0003274442839643029,23,0,15
teenmom,0.0004892867402724466,39,0,29
upliftingnews,0.015826081461899507,15,0,2
dallas,0.001821697412964306,2,0,17
grandorder,0.00022538769981550677,17,0,25
kenm,0.0027274098248953865,2,0,17
musicthemetime,0.00011453064361549704,6,0,9
nomansskythegame,0.009029921624245664,54,0,-1
smallbusiness,0.00101436569832451,2,0,17
nintendoswitch,0.0036109596832638005,50,0,-1
creepy,0.017813759721332277,13,0,21
atheism,0.02781789901317944,50,0,-1
manga,0.0021015317531401204,8,0,11
streetfighter,0.0015727927760288772,6,0,9
financialindependence,0.0018066508265196634,11,0,24
microgrowery,0.001222227666596459,5,0,10
ffrecordkeeper,0.00025191674290730244,14,0,14
btc,0.0010390466116614813,4,0,16
mortalkombat,0.00040298142290905447,0,0,4
eyebleach,0.003431072107665872,3,0,1
kratom,0.0009517057957557082,20,0,27
vainglorygame,0.00038219611929401093,1,0,8
gonewild,0.005698917276313564,80,7,-1
trucks,0.0007942620779093156,3,0,1
justiceserved,0.005276713675508176,1,0,8
gainit,0.0010857854863272562,1,0,8
schizophrenia,0.00024594064644916654,3,0,1
science,0.0380493423592992,28,0,19
unixporn,0.0005493022033432613,0,0,4
austin,0.0027194004001555353,3,0,1
nostupidquestions,0.010178196675712974,33,0,-1
realmadrid,0.00020578565522481852,1,0,8
twitch,0.0010630594057116818,0,0,4
rwby,0.002205885260768559,12,0,26
seduction,0.0018311281004519445,1,0,8
philippines,0.0013563029308040935,106,7,-1
fo4,0.008059517245941982,10,0,5
steamgameswap,0.0008240245610393962,4,0,16
thenetherlands,0.0020218390166821722,19,0,13
ffxv,0.0018295296873172028,30,0,-1
clevelandcavs,0.0006693119987291736,3,0,1
applewatch,0.0012998944485195867,3,0,1
poker,0.0014661889436373594,3,0,1
atlanta,0.002019601785297376,2,0,17
onepiece,0.002551832197530823,12,0,26
scotch,0.0006527842944538732,2,0,17
jailbreak,0.0026380347905335232,32,0,-1
norge,0.0006095369460962844,2,0,17
vexillology,0.0028184879520459522,1,0,8
diepio,0.00021704251047211274,14,0,14
santaslittlehelpers,0.0001561183074364339,3,0,1
dndnext,0.0012207178713404753,4,0,16
undertale,0.0016202943592120147,5,0,10
pcgaming,0.009816684787764584,27,0,0
stardustcrusaders,0.0010295220276277067,3,0,1
thesims,0.0008325752975952763,2,0,17
legaladvice,0.0078111752329367784,46,0,-1
spacex,0.0030033679237575885,7,0,20
standupshots,0.0021238866317152844,2,0,17
stardewvalley,0.002828984122014486,1,0,8
fivenightsatfreddys,0.0003297684707284258,63,0,-1
personalfinance,0.024629985489875675,52,0,-1
catholicism,0.0014619096947826658,17,0,25
maddenmobileforums,0.0004504173366635748,3,0,1
childfree,0.005665171036248358,33,0,-1
uncensorednews,0.007395736434156574,8,0,11
weddingplanning,0.0011733803112452732,8,0,11
facepalm,0.01455251863775409,17,0,25
bad_cop_no_donut,0.0033161659155918634,5,0,10
ama,0.0031475862941362765,3,0,1
aleague,0.0003712620839618253,18,0,28
homeimprovement,0.002191568203978057,1,0,8
steroids,0.0005944777587067986,7,0,20
homebrewing,0.0014098369899831287,4,0,16
ps4,0.013861578350180051,88,7,-1
rant,0.0016311683028689041,0,0,4
walmart,0.0003594752354170143,3,0,1
codaw,0.0004014453331826787,3,0,1
self,0.005830061296199867,10,0,5
investing,0.004104574226698171,3,0,1
worldoftanksconsole,0.00012466276136468283,2,0,17
xmenrp,2.3627493955520878e-05,7,0,20
foreveralone,0.0014756606799623496,6,0,9
justnomil,0.0015383727105660297,17,0,25
politicalhumor,0.003997223361646546,16,0,23
cubers,0.0006525825277895172,7,0,20
bjj,0.0016799193837594895,7,0,20
competitivehs,0.0015131678220549863,2,0,17
chess,0.0011108288427212917,0,0,4
calgary,0.0011357328381177516,5,0,10
amateurradio,0.0003894145369218681,1,0,8
talesfromtechsupport,0.007054256785188279,7,0,20
blackdesertonline,0.001259268283988464,7,0,20
gamedev,0.0029306514535237045,1,0,8
crochet,0.000519957869827801,1,0,8
quotesporn,0.0027423920496062884,1,0,8
notinteresting,0.0023976888698963522,1,0,8
elitedangerous,0.00400339451461291,13,0,21
civcraft,0.00014815525630680786,0,0,4
homestuck,0.000731950347963893,2,0,17
justneckbeardthings,0.00824280958197396,5,0,10
madden,0.0007453507032127034,2,0,17
pokemonexchange,8.903232065435444e-05,6,0,9
incels,0.002062522052588575,22,0,18
austria,0.0002686947100482053,0,0,4
buddhism,0.0013957083756590647,0,0,4
miata,0.0008282903038980231,3,0,1
summonerschool,0.0042224914632382465,14,0,14
kotk,0.00012084073942538376,2,0,17
roastme,0.011341545714387603,39,0,29
reddit.com,0.0024240361112691676,3,0,1
yamakuhighschool,-1.8312018936231858e-19,5,0,10
ethtrader,0.0002900167178655029,5,0,10
comicbooks,0.005270905586415197,8,0,11
realgirls,0.004521987182982466,5,0,10
vegasquadrantrp,2.38653297525966e-05,33,0,-1
afl,0.0014899832786875976,64,0,-1
calgaryflames,0.0006399981017960158,14,0,14
modernmagic,0.0010078617512514023,1,0,8
churning,0.0014151427332637404,6,0,9
xwingtmg,0.0006650681958045298,8,0,11
italy,0.00040412941288776053,19,0,13
me_irl,0.012693401515782504,11,0,24
opiates,0.001112760358341287,5,0,10
jonbenet,0.00026279763026513793,3,0,1
networking,0.0015459733533943081,4,0,16
brawlhalla,0.0004098593380633384,3,0,1
trap,0.0007371532009307302,3,0,1
sex,0.008546790625003917,18,0,28
diy,0.015463898891394335,14,0,14
custommagic,0.00039452806204535806,5,0,10
gamesale,0.00036987926631905626,3,0,1
plex,0.0012053217000401748,0,0,4
exjw,0.0005720199117483616,5,0,10
cooking,0.00586473777319667,2,0,17
battlefield_one,0.008512906469824721,51,0,-1
fifacareers,0.0003940826435967476,0,0,4
wayofthebern,0.0020035869928807914,14,0,14
2meirl4meirl,0.0017863080332893553,4,0,16
imgoingtohellforthis,0.0169670870374674,20,0,27
torontobluejays,0.0013412586251957156,11,0,24
treeofsavior,0.0002511959657901214,2,0,17
teenagers,0.006284836900992639,255,7,-1
raisedbynarcissists,0.002848511155950061,15,0,2
art,0.00892351481053231,5,0,10
golf,0.002443847254551959,10,0,5
linux_gaming,0.0008350494241864768,1,0,8
mkebucks,0.0004720588504813656,5,0,10
lakers,0.000631180008984062,12,0,26
kanye,0.002637793223317016,6,0,9
anarcho_capitalism,0.0014825369892347243,8,0,11
humansbeingbros,0.0032226106318726027,1,0,8
oaklandraiders,0.0010980514225575105,10,0,5
detroitlions,0.0010701217588169728,11,0,24
indiemakeupandmore,0.0001512454664124935,1,0,8
forwardsfromgrandma,0.00518395149638114,8,0,11
debatereligion,0.0017541291938991228,18,0,28
food,0.01988889473957238,19,0,13
crossfit,0.0007383042241643468,0,0,4
askculinary,0.0020776472209085304,4,0,16
twoxchromosomes,0.02579988999829596,49,0,-1
amiugly,0.0031960351495525356,12,0,26
stlouis,0.0007041351012830589,3,0,1
marriedredpill,0.00024540564145231946,0,0,4
freefolk,0.0006653817889527719,16,0,23
britishproblems,0.004967836074016926,5,0,10
drums,0.0010027004760213537,3,0,1
fireemblemcasual,2.6532983273184455e-05,3,0,1
spikes,0.0011516479972069026,3,0,1
dc_cinematic,0.002277226978290188,17,0,25
beer,0.0027532205008163483,2,0,17
linuxquestions,0.0007782697648969827,0,0,4
cowboys,0.001726498417930912,28,0,19
politicaldiscussion,0.011843117744675545,101,7,-1
programmerhumor,0.003908207430434586,6,0,9
gtaonline,0.0019890048261961553,10,0,5
diablo,0.003015361383526974,2,0,17
paladins,0.0008172955350394636,7,0,20
darknetmarkets,0.0010474353915235677,4,0,16
stopdrinking,0.0007720185828369086,13,0,21
milwaukee,0.00032764934745639407,0,0,4
mmorpg,0.001943410038016399,7,0,20
singapore,0.0011137112641282727,9,0,22
announcements,0.008519360367669844,75,0,-1
liverpoolfc,0.0019140686047056446,51,0,-1
sherri_papini,0.00014402239394151453,7,0,20
dataisbeautiful,0.023946649271148354,47,0,-1
dashcam,0.00013712862398463106,0,0,4
feedthebeast,0.0013764095990095571,6,0,9
stunfisk,0.0007848823888596068,0,0,4
dayz,0.002725222327856864,10,0,5
hometheater,0.0008463811028984823,5,0,10
shitredditsays,0.002072344894081398,2,0,17
dating_advice,0.0012590779123837568,0,0,4
running,0.0020085748954300066,5,0,10
talesfromretail,0.004801474800231086,2,0,17
tryingforababy,0.00040776847017870465,3,0,1
reds,0.00028258625907332896,0,0,4
starcitizen,0.004586701271960743,54,0,-1
devilrp,2.3885910389439923e-05,13,0,21
justiceporn,0.005290510118038648,1,0,8
chicubs,0.001350556368355306,48,0,-1
redditdads,0.00022186328859784008,3,0,1
skincareaddiction,0.002731242913516918,3,0,1
casualiama,0.007157623756958516,14,0,14
christianity,0.004207151526143655,36,0,-1
vita,0.001644842220562572,6,0,9
trollxchromosomes,0.006031660208498629,18,0,28
ccw,0.0014947950454097928,0,0,4
heroesandgenerals,0.0002852942674207829,3,0,1
citiesskylines,0.0025052357361833354,1,0,8
monstercat,0.0005174338794128962,2,0,17
townofsalemgame,0.0006777151745550121,7,0,20
coloradoavalanche,0.00042031813870871464,2,0,17
carav,0.0003549138767866986,2,0,17
hoi4,0.0008131826919689596,2,0,17
discgolf,0.0010542338819596658,2,0,17
startrek,0.00442357960051001,9,0,22
randomactsofmakeup,0.00022423494731055486,2,0,17
military,0.002410685662429352,1,0,8
jeep,0.000958176603453354,3,0,1
askeurope,0.0013715924932188677,6,0,9
onepiecetc,0.00056783390411198,11,0,24
gaming4gamers,0.0012913350354690843,0,0,4
basicincome,0.0012652987634274783,3,0,1
uwaterloo,0.00028201740912238454,3,0,1
askcarsales,0.0006179167416392466,2,0,17
darksouls3,0.00611970152214451,29,0,-1
oneplus,0.001315701746704862,2,0,17
shinypokemon,0.0006002847687524514,0,0,4
kings,0.00013590258790866197,4,0,16
dbxv,0.0006605016604373778,1,0,8
malefashionadvice,0.006627834855226203,13,0,21
tradelands,4.096769191935291e-07,6,0,9
empiredidnothingwrong,0.0005067527292358883,2,0,17
hawks,0.0003370390976697254,1,0,8
3dshacks,0.0013676720911754757,6,0,9
thedickshow,0.0004395696179820319,0,0,4
randomactsofgaming,0.002127053326497465,3,0,1
tsumtsum,4.8005145742457116e-05,2,0,17
cats,0.004813791744823156,6,0,9
hunterxhunter,0.0006669106197756031,2,0,17
drunk,0.0024954805670460733,5,0,10
trashy,0.010440643170526438,10,0,5
crucibleplaybook,0.0009988643274390953,4,0,16
de,0.0023427025581939207,42,0,-1
melbourne,0.0015801799901322866,12,0,26
ficiverse,2.985406639122095e-05,11,0,24
gamingcirclejerk,0.001051691089127007,5,0,10
kpop,0.0008857158322289631,2,0,17
firefox,0.00029442373748726254,1,0,8
protectandserve,0.0027168771679317765,4,0,16
weightroom,0.0005755346769998567,1,0,8
bigbrother,0.001067918987538791,15,0,2
diabetes,0.0007665843404496676,2,0,17
future_fight,0.00010868113522183443,4,0,16
mtf,0.0007108352998545682,0,0,4
fantasybball,0.00025707985737096856,17,0,25
mylittlepony,0.0011957169881679317,10,0,5
bleach,0.0005490659396922526,6,0,9
bipolar,0.0010349885529710601,1,0,8
newsokur,0.00010016940525471178,18,0,28
justrolledintotheshop,0.008697585815325959,11,0,24
montreal,0.0006038436456376127,1,0,8
romania,0.0005248307161338861,19,0,13
40klore,0.0006185188870234012,1,0,8
houston,0.002061285449135697,9,0,22
h3h3productions,0.007101015237912967,8,0,11
ems,0.001061600769542021,4,0,16
simracing,0.0005899631225789167,1,0,8
personalfinancecanada,0.0005742406663856516,1,0,8
beatles,0.0006938913540614269,6,0,9
bowling,0.000414843671952794,2,0,17
iamverysmart,0.011431637417577675,7,0,20
babybumps,0.0014008156227686651,16,0,23
bodybuilding,0.0022293212533853394,8,0,11
mobiusff,0.0003580257046477942,8,0,11
progresspics,0.001901582395309575,2,0,17
tmobile,0.0010941551660001811,6,0,9
musictheory,0.0008026966122997824,1,0,8
frugalmalefashion,0.0013992883019396957,1,0,8
flying,0.0015420288082861275,1,0,8
fishing,0.0015321516231152868,3,0,1
ice_poseidon,0.0003282663911436304,0,0,4
unresolvedmysteries,0.0031329526064315287,1,0,8
warhammer40krp,5.552870837150599e-05,1,0,8
labouruk,0.0003096294545880372,5,0,10
excel,0.0005565519727230947,2,0,17
expectationvsreality,0.0021861489677964517,1,0,8
python,0.0014421696677576878,3,0,1
knitting,0.0004484954237043362,2,0,17
texans,0.0010271722063090766,12,0,26
giftcardexchange,0.00031288872265565867,4,0,16
minnesotavikings,0.001787112857423168,27,0,0
prettylittleliars,0.00011320301980061489,4,0,16
airforce,0.0013859823271410172,7,0,20
casualconversation,0.009836120463625907,40,0,-1
rugbyunion,0.001544212155111534,18,0,28
columbus,0.0010630789769387632,0,0,4
portland,0.002794199736701435,7,0,20
bladeandsoul,0.0006952800752781726,8,0,11
portugal,0.00034707753778040907,3,0,1
analog,0.0004252707367207287,0,0,4
askscience,0.013535794542837784,11,0,24
powerlifting,0.00039666024031175375,4,0,16
rapbattles,0.00020279042082594994,2,0,17
hillaryforprison,0.005281010884641475,5,0,10
lawschool,0.0008678821881353832,0,0,4
leafs,0.000905475927782771,10,0,5
pokemoonsun,0.0004357373556834142,9,0,22
denverbroncos,0.0019044936895285722,31,0,-1
chromeos,0.00048651337476417244,1,0,8
texas,0.0014536325023877777,2,0,17
funkopop,0.0006934613674902658,9,0,22
mexico,0.0010320833405812397,12,0,26
funhaus,0.00182456686873714,1,0,8
snakes,0.0005503956400177266,2,0,17
advice,0.003115531225657615,12,0,26
animesuggest,0.0007449102287482394,1,0,8
collapse,0.0010154161192758948,3,0,1
latestagecapitalism,0.0052051134665826,8,0,11
anxiety,0.001178844345721838,3,0,1
paragon,0.0007319737733752433,8,0,11
natureismetal,0.007646477924387587,7,0,20
learnprogramming,0.0022322912553100166,1,0,8
bapcsalescanada,0.00037940738252648977,4,0,16
bourbon,0.00040368403833734693,1,0,8
nygiants,0.0011671460404274424,23,0,15
thewalkingdead,0.01001453733254494,51,0,-1
proed,0.000104621858112113,1,0,8
rangers,0.00036964674309273015,11,0,24
homenetworking,0.0008280015817882585,0,0,4
weakpots,6.715172219667857e-05,7,0,20
perth,0.00044640168590147594,5,0,10
watches,0.0022784535379550865,4,0,16
learnjapanese,0.0006505791047290844,0,0,4
reallybigshow,6.988155039948512e-05,2,0,17
geopolitics,0.0010012555432447109,0,0,4
china,0.0009772670738089967,10,0,5
gearsofwar,0.0014425478389217658,2,0,17
eatcheapandhealthy,0.002369019351173014,2,0,17
grimdawn,0.0002178337968805494,2,0,17
customhearthstone,0.0007112395266175351,1,0,8
phish,0.000560531664292246,7,0,20
beards,0.0013656400612683754,0,0,4
trackers,0.0008658937913624342,3,0,1
flashtv,0.004681537115370498,30,0,-1
talesfromthefrontdesk,0.0009198559022483542,0,0,4
softwaregore,0.001614816505230489,0,0,4
askgaybros,0.0015714637816594107,12,0,26
askvet,0.00033758487321151274,3,0,1
fantasyhockey,0.0005799817994364971,3,0,1
starwarsbattlefront,0.0022513562734921807,8,0,11
wikileaks,0.004222381719812073,4,0,16
fireemblem,0.0008984699792239094,12,0,26
roosterteeth,0.0044248025880628105,2,0,17
stellaris,0.0020734174872132764,7,0,20
gilmoregirls,0.0004507941572632362,5,0,10
callofduty,0.0005016345366625314,1,0,8
whowouldwin,0.0056402327535646285,37,0,12
bustypetite,0.0025416132030383963,4,0,16
twobestfriendsplay,0.0011213652066730294,9,0,22
truereddit,0.006201869520883832,8,0,11
lifehacks,0.004496838775372647,1,0,8
writingprompts,0.008314883569510566,9,0,22
pkmntcg,0.00022681348518694365,2,0,17
darksouls2,0.0022319388622806134,4,0,16
woweconomy,0.0009305432561397069,3,0,1
makeupexchange,0.0005001649478033487,2,0,17
malaysia,0.0002963102575133946,1,0,8
overclocking,0.0005672050655007993,1,0,8
rage,0.005439023476592602,5,0,10
xcom,0.0011865253250307685,1,0,8
secretsanta,0.0011464627628211114,0,0,4
truegaming,0.0032765022341535964,4,0,16
ukpersonalfinance,0.00027376899774719083,1,0,8
idubbbz,0.0008903421655143083,1,0,8
adventuretime,0.0012973702834835747,1,0,8
libertarian,0.008451326003450959,24,0,-1
warthunder,0.0018153310606575403,21,0,3
phoenix,0.0007751524580555564,0,0,4
bostonbruins,0.0006704692781118811,18,0,28
noveltranslations,0.0005311264663938444,7,0,20
divorce,0.00024484598148387707,2,0,17
intj,0.0011445233903220203,3,0,1
lostgeneration,0.0011254720612621288,2,0,17
askthe_donald,0.0020977961085916147,5,0,10
tall,0.0012144548281210728,2,0,17
nonononoyes,0.004594275816139998,2,0,17
streetfights,0.002432756120627493,3,0,1
dnd,0.006586771058387428,19,0,13
halo,0.003621211477453552,9,0,22
wifesharing,0.0002487153592068832,3,0,1
netflix,0.0017930536182525535,0,0,4
conlangs,0.00018824112488529884,0,0,4
re_zero,0.0001927829827528431,1,0,8
49ers,0.0016618280172629564,27,0,0
ecr_eu,0.0002111463648133681,0,0,4
forza,0.001565817457849962,0,0,4
aspergers,0.0008971216706407689,0,0,4
beautyguruchat,0.0004278706168188976,5,0,10
economics,0.0034389394803523,6,0,9
newsokuvip,5.171881794894966e-08,1,0,8
entrepreneur,0.0030349945817788504,17,0,25
anarchism,0.0012836166027545405,4,0,16
losangeles,0.004093684687541314,3,0,1
pebble,0.0015624207254800557,2,0,17
firearms,0.0022850148907734655,1,0,8
blackops3,0.001962122208847742,9,0,22
coys,0.0005967941076454746,8,0,11
wowservers,0.0009030445138304802,5,0,10
abcdesis,0.0003103103345018351,0,0,4
metal,0.001819583780610929,13,0,21
ar15,0.002511610603440765,6,0,9
emeraldps2,0.000160046007809511,3,0,1
offmychest,0.003447684702473452,0,0,4
asksciencefiction,0.0028378511546907287,5,0,10
askouija,0.0019806273544692022,10,0,5
nootropics,0.0010590739523595885,2,0,17
breastfeeding,0.0003372242372617897,3,0,1
militaryporn,0.0017361889527725842,2,0,17
reallifefootball,5.968067464296713e-05,5,0,10
xboxone,0.010731105603935384,58,0,-1
ssbpm,0.0004722710729330231,1,0,8
indiegameswap,0.000556090582103256,4,0,16
whatcouldgowrong,0.007138899862761468,5,0,10
asoiaf,0.010780708085866004,25,0,6
carporn,0.001911230585679143,1,0,8
bdsmcommunity,0.0006883316415226556,1,0,8
flipping,0.0009973634410472092,6,0,9
kansascity,0.00047804124524270105,2,0,17
motouk,0.0003757866129703589,2,0,17
ocpoetry,0.0002780528409715546,3,0,1
lgbt,0.003005334989409597,5,0,10
rva,0.000965052961000582,12,0,26
mgtow,0.001313169525864879,6,0,9
hockeyjerseys,0.0003104044345926918,1,0,8
tagpro,0.00030182750249084603,5,0,10
heat,0.0006077038650017477,11,0,24
electricians,0.0009704852916485931,2,0,17
woahdude,0.01715534926885384,11,0,24
japancirclejerk,0.00023425477876870096,6,0,9
intp,0.0016001325445072088,2,0,17
airsoft,0.001044991561228162,1,0,8
debatefascism,0.0001726094526676565,3,0,1
seattle,0.0034560749663966775,3,0,1
getmotivated,0.00966603450376455,3,0,1
nvidia,0.002708559900779443,3,0,1
arrow,0.0027217033533948757,11,0,24
gamerghazi,0.0010551707299176036,3,0,1
lockpicking,0.000307097702278905,0,0,4
entertainment,0.0019647832478052983,1,0,8
edmonton,0.0007656197477289933,5,0,10
pettyrevenge,0.0036082581547897835,2,0,17
murica,0.004392124132021476,3,0,1
askengineers,0.0010081563814710007,0,0,4
kitchenconfidential,0.0017788100455766302,2,0,17
niceguys,0.005308545046632226,4,0,16
watch_dogs,0.0007645647083503441,4,0,16
askelectronics,0.0011958591865400732,2,0,17
silverbugs,0.0005111061468890801,2,0,17
seahawks,0.002295128117783213,11,0,24
iwantout,0.0011344430391647179,1,0,8
metalcore,0.0009882322920607418,2,0,17
playark,0.0017710899497596138,10,0,5
nerdcubed,0.0007029650780907108,0,0,4
shitty_car_mods,0.0037714768673947664,2,0,17
wet_shavers,2.8930302323570986e-06,1,0,8
islam,0.001731871295737627,2,0,17
piracy,0.0016373752157674746,1,0,8
chiliadmystery,0.00028906570351945425,2,0,17
animalsbeingjerks,0.003103079806612599,3,0,1
kingdomhearts,0.0008646170850467596,3,0,1
trucksim,0.0004040793698483231,1,0,8
damnthatsinteresting,0.0030981920895516712,0,0,4
rimworld,0.0016702438194766483,3,0,1
canadapolitics,0.0012412611288729555,6,0,9
svexchange,0.0005717536109623096,26,0,-1
letsplay,0.00041191232291914857,0,0,4
woodworking,0.003001926250375621,2,0,17
denvernuggets,0.00012801703321615342,14,0,14
nbaspurs,0.00022951523743121587,1,0,8
mandelaeffect,0.001100965426981248,3,0,1
wholesomememes,0.003553013024010441,2,0,17
doom,0.0008298787455836411,3,0,1
splatoon,0.000717821518000795,5,0,10
starbound,0.0014387862411951316,1,0,8
trekrp,3.086691963260731e-05,0,0,4
tennis,0.0010589676645169248,5,0,10
archeage,0.0006646506405829608,5,0,10
glitch_in_the_matrix,0.0014834085333449844,1,0,8
bostonceltics,0.00048317161419456637,12,0,26
vancouver,0.002028250188770011,10,0,5
joerogan,0.0015924118222095903,1,0,8
dynastyff,0.00046292802466662317,3,0,1
swdarktimes,5.01655016892694e-06,1,0,8
rickandmorty,0.006635463955394745,2,0,17
popheads,0.0006999402672640445,10,0,5
aviation,0.0029690844713631905,2,0,17
bass,0.0007431798551691507,1,0,8
ssbm,0.0005769612796636831,5,0,10
skateboarding,0.0009518179803915348,0,0,4
unpopularopinion,0.0010306082740095587,4,0,16
rockets,0.00028073886708944543,14,0,14
webdev,0.0019795059873252904,0,0,4
battlecats,0.00013610573795443814,1,0,8
bravorealhousewives,0.0005067580377615859,12,0,26
steam,0.006699626682051477,20,0,27
terriblefacebookmemes,0.0016634340540947797,2,0,17
thegrandtour,0.002887392291956663,1,0,8
whowouldwinverse,2.6314791147877305e-05,12,0,26
neworleans,0.0007010389966841265,0,0,4
cpp,0.00012012361609130505,3,0,1
circlejerk,0.004636855197107494,21,0,3
runescape,0.0021482581416957768,33,0,-1
battlefield_4,0.0018279382961487864,4,0,16
suomi,0.0009435665969623604,11,0,24
weekendgunnit,0.0013632510682816113,1,0,8
blink182,0.0005776156688844144,1,0,8
dodgers,0.0007351009636946566,3,0,1
firstworldanarchists,0.0033858849664504522,1,0,8
gamegrumps,0.003051275924684082,3,0,1
cscareerquestions,0.001830189451979146,4,0,16
boston,0.0022184216468866553,4,0,16
spaceengineers,0.0011599833259809407,0,0,4
guitarpedals,0.0009441313068059203,1,0,8
bigboobsgw,0.0004167710406487792,2,0,17
warhammer40k,0.0013933021714319447,3,0,1
whereisassange,0.0011988217317783305,4,0,16
gameswap,0.00039928606315464796,4,0,16
prorevenge,0.0022635870742476034,0,0,4
im14andthisisdeep,0.0033037029990087034,2,0,17
thesilphroad,0.005939315857408246,39,0,29
philosophy,0.004671485793876902,4,0,16
propagandaposters,0.0014793872931790687,2,0,17
blackmirror,0.0019609894042695915,1,0,8
morbidreality,0.004434485274103052,2,0,17
berserk,0.0009480300159251669,3,0,1
letsnotmeet,0.0014870053696381146,1,0,8
meditation,0.0011484159104082172,3,0,1
animalsbeingbros,0.0026898464939500467,1,0,8
dwarffortress,0.0014081883688910977,1,0,8
battlerite,0.0007872485372045048,2,0,17
ftm,0.0004903020600833859,3,0,1
friendsafari,0.0018599693424967312,14,0,14
nyyankees,0.00043803097717017703,9,0,22
honda,0.0008067288561121025,1,0,8
gonets,6.719317084381181e-05,2,0,17
foodporn,0.0037448169119612094,0,0,4
halflife,0.0014456180940548068,1,0,8
electronicmusic,0.0014879357141103287,1,0,8
buffalobills,0.0005513844640088973,5,0,10
usps,0.0002844253552659008,1,0,8
himym,0.0010034413008475286,0,0,4
3dprinting,0.0015951665792757652,8,0,11
panzerwaltz,7.660941373417786e-05,1,0,8
finalfantasy,0.0030136216238335883,8,0,11
fantheories,0.002154959509019701,1,0,8
bengals,0.0006083635880899175,1,0,8
dragonage,0.000664258583714435,0,0,4
factorio,0.001442204494811637,2,0,17
codmodernwarfare,0.0005824176410584726,2,0,17
shingekinokyojin,0.0004799247048340671,1,0,8
danganronpa,0.00024119634683216685,1,0,8
sfgiants,0.0006304690371191321,9,0,22
denver,0.0019969552888316937,2,0,17
anaheimducks,0.00029853043465487045,0,0,4
randomactsofcsgo,0.0008664987330084865,7,0,20
grandtheftautov_pc,0.0009776077448474573,1,0,8
shittykickstarters,0.0006525854301824558,0,0,4
femalefashionadvice,0.001523477460627113,4,0,16
battleborn,0.0007610711337976217,1,0,8
funkoswap,0.0002028443039293498,1,0,8
shitpost,0.001288748178754989,1,0,8
overwatchuniversity,0.0013752595982972412,2,0,17
brunei,1.19133649687102e-05,3,0,1
infinitewarfare,0.001353993456202399,34,0,7
3ds,0.003596310732334739,5,0,10
nltp,4.412231986743023e-06,1,0,8
fnafcringe,0.00015394272626529265,0,0,4
youdontsurf,0.0020716603162181007,1,0,8
techsupport,0.005552210376993824,17,0,25
uhccourtroom,8.23306962426934e-08,17,0,25
duelyst,0.0004178624949459312,1,0,8
winnipegjets,0.00017987170994225254,6,0,9
coachella,0.0005132364319062431,2,0,17
potterplayrp,2.9213312848253184e-20,3,0,1
borderlands2,0.0005648242974861832,0,0,4
creepypms,0.0025830005541831506,2,0,17
eagles,0.0016450648625614466,20,0,27
earthporn,0.008476193390812948,7,0,20
deadbydaylight,0.0009288529835994172,2,0,17
giftofgames,0.0011543151825719863,1,0,8
gunpla,0.0007191440781987462,0,0,4
xxfitness,0.0011257571378542061,2,0,17
minecraftsuggestions,0.0006352985017631338,15,0,2
freemasonry,0.00027666078286249404,3,0,1
surface,0.0009718281112454835,2,0,17
batman,0.00196394204916902,1,0,8
wearethemusicmakers,0.0018582414249168368,2,0,17
bonnaroo,0.0004078842042362366,1,0,8
windows10,0.0028254552376065557,3,0,1
osugame,0.0007395484130192504,10,0,5
youshouldknow,0.0041697218527461995,2,0,17
windows,0.0008504644704691555,0,0,4
history,0.012326059681760482,6,0,9
slashdiablo,0.00016523623842974573,1,0,8
kancolle,0.00015709020892624862,6,0,9
parrots,0.0005964963231600064,2,0,17
newssokuhou_r,1.149536980841155e-08,6,0,9
dubai,0.00028790028980105393,6,0,9
starterpacks,0.0064360239196471596,10,0,5
plantedtank,0.000534132248720789,0,0,4
maplestory,0.0006026775994957445,2,0,17
twitchplayspokemon,0.0007865600072219229,2,0,17
california,0.0012545933894169067,1,0,8
googlepixel,0.001569290069173224,2,0,17
edh,0.001461619795861397,2,0,17
arduino,0.0008412969798458013,0,0,4
mcfc,0.000297497978021703,1,0,8
bitcoinall,-4.855529272647826e-19,4,0,16
amiibo,0.0009205795094124596,5,0,10
wetshaving,0.00016866364437006107,1,0,8
computers,0.001135032053399025,2,0,17
watchpeopledie,0.008116780012551967,7,0,20
newtubers,0.00013417383675165694,2,0,17
fiftyfifty,0.0017086999735140456,0,0,4
animalcrossing,0.0013621211993647742,7,0,20
atlbeer,2.2245587937980822e-06,0,0,4
galaxys7,0.0009683707444624725,1,0,8
promos,0.0019689742285874385,1,0,8
lego,0.0030050509465326014,4,0,16
northernireland,0.0006252776093055425,3,0,1
asknyc,0.0011475113696889484,0,0,4
enough_sanders_spam,0.0008742300819128934,5,0,10
mechmarket,0.00031672076376305404,3,0,1
holdmybeer,0.004206377202890401,0,0,4
marvelpuzzlequest,9.387490861515744e-05,0,0,4
psvr,0.0012450315116156296,15,0,2
washingtondc,0.0015849583365128846,3,0,1
narutoblazing,1.3494601823914124e-05,6,0,9
playrust,0.002266967721204452,8,0,11
breakingbad,0.0020833806327759585,0,0,4
shadowrun,0.0002853410853142233,1,0,8
filmmakers,0.0011960984861028186,1,0,8
futmobile,9.468735121753627e-05,2,0,17
wec,0.0004909794968587793,2,0,17
indiaspeaks,6.123697792814465e-05,37,0,12
beyondthebump,0.0006289182689056267,3,0,1
gadgets,0.014724392297939195,11,0,24
pka,0.0005860103959224106,4,0,16
bmw,0.0015585407244496753,2,0,17
megaten,0.0003568583026889637,7,0,20
metallica,0.0009051039154168922,2,0,17
masseffect_nomad,4.7354567266022647e-07,17,0,25
actionfigures,0.0005620757139706833,2,0,17
circlebroke,0.000988632978727802,0,0,4
livestreamfail,0.0017542277311861907,3,0,1
planetcoaster,0.0010487630435315263,2,0,17
yogscast,0.0009274293378485415,0,0,4
tennesseetitans,0.0003567589648058221,8,0,11
skiing,0.000508192553655162,1,0,8
worldbuilding,0.0022919117098370136,5,0,10
ygosales,4.2317358250380704e-05,0,0,4
reddeadredemption,0.0007428919536417212,1,0,8
retrogaming,0.0009285737142938528,0,0,4
visualnovels,0.00028800311484682893,2,0,17
suicidewatch,0.0008714382582560552,4,0,16
gonewildaudio,0.00018643774274957595,4,0,16
daddit,0.001909588142839069,0,0,4
quityourbullshit,0.008098058552230943,7,0,20
gamedeals,0.0046571222527087884,11,0,24
indieheads,0.0019197857321589795,2,0,17
halifax,0.0003796884914966287,4,0,16
wildhockey,0.0004678810478097516,0,0,4
bettafish,0.00034773865516557424,0,0,4
pokemonshuffle,0.00018671125179976758,4,0,16
dogs,0.0023889668183004263,6,0,9
rpgstuck_c3,6.74378431506857e-05,0,0,4
asiansgonewild,0.0011118763705031422,6,0,9
cannabisextracts,0.0006990364989442704,1,0,8
business,0.002336305837859897,1,0,8
paradoxplaza,0.0013773021214037644,2,0,17
hcteams,7.436237835292983e-05,19,0,13
arcaneadventures2,5.549961649533582e-06,9,0,22
knife_swap,0.00019788391455587836,4,0,16
rule34,0.000816838661145005,3,0,1
vermintide,0.00027314614478046734,2,0,17
youtube,0.0013839026056930968,1,0,8
javascript,0.001028322258436899,0,0,4
stlouisblues,0.000431437337763368,6,0,9
combatfootage,0.002173457213245273,1,0,8
pakistan,0.00037105974540123685,1,0,8
researchchemicals,0.0004168647631460025,0,0,4
quebec,0.00021639030393166681,7,0,20
habs,0.00039780188693972634,4,0,16
beermoney,0.0008517308732512336,1,0,8
mechanicadvice,0.0011723495473862883,6,0,9
victoriabc,0.0007200599006958895,4,0,16
the_division,0.00046629298413714,2,0,17
chemistry,0.0010829602801032713,2,0,17
xray,1.916273558160548e-06,3,0,1
evangelion,0.0007074771682589356,0,0,4
korea,0.001075724709898736,5,0,10
fellowkids,0.004591091434083585,5,0,10
knifeclub,0.0007374745563919835,2,0,17
wahoostipi,0.0007448555056400622,18,0,28
everton,0.00034082570810056446,2,0,17
chicagobulls,0.0007544838811863964,8,0,11
occult,0.0005046379699884795,0,0,4
scenesfromahat,0.0016267025640294627,0,0,4
pathfinder_rpg,0.0014960195060115498,5,0,10
thebluepill,0.0008458765701232406,4,0,16
internetisbeautiful,0.0037646802861042504,7,0,20
bodyweightfitness,0.0014872898030755632,3,0,1
assassinscreed,0.0012561039812397515,4,0,16
wouldyoufuckmywife,0.0003994473097303936,11,0,24
elderscrollslegends,0.00032119229001075097,2,0,17
parenting,0.00321436625784705,8,0,11
garyjohnson,0.0020871324266822206,6,0,9
tech,0.001702855367043839,0,0,4
paintball,0.0006804713731660117,0,0,4
sanctionedsuicide,0.000402048884602036,2,0,17
accounting,0.001032365543376115,3,0,1
gwent,0.0002640205166855243,0,0,4
circlebroke2,0.0011947234270969361,1,0,8
loseit,0.004203573338923496,17,0,25
gtav,0.0013389030109283674,1,0,8
bleachbravesouls,7.175547002663725e-05,6,0,9
jillstein,0.001026781068813824,0,0,4
twinks,6.389090911192032e-05,1,0,8
bigdickproblems,0.0008909315509268382,1,0,8
askhistorians,0.004003863786119859,6,0,9
iamverybadass,0.0016237421238887786,1,0,8
volkswagen,0.0008784572192194084,0,0,4
dfo,0.00017915689783478168,2,0,17
climbing,0.0010555108776570937,0,0,4
bravefrontier,0.0004971093617855971,5,0,10
plumbing,0.0006329426636724956,3,0,1
audioengineering,0.0005585057200154698,2,0,17
celebs,0.0036098177468070524,2,0,17
throwers,0.00013786998344789586,0,0,4
engineeringstudents,0.0012893614535342268,2,0,17
yasuomains,0.0003222944247135116,2,0,17
muacjdiscussion,0.0006773728830635437,3,0,1
paydaytheheist,0.0016071572942555586,4,0,16
gamephysics,0.0022041175978447227,1,0,8
askasurvivor,2.9124735498139383e-05,2,0,17
scifi,0.0028877004220052307,3,0,1
gamecollecting,0.0007756525839194391,0,0,4
altright,0.00138181490929326,13,0,21
robocraft,0.0003325348677441109,5,0,10
polandball,0.003704142595907003,0,0,4
nononono,0.00248066271388822,1,0,8
trueatheism,0.0006454486844854296,0,0,4
milf,0.0007454242302456901,1,0,8
evolvegame,0.00036995565128087037,1,0,8
graphic_design,0.0010636968923636227,1,0,8
teamsolomid,0.00044526663114299815,0,0,4
rabbits,0.0005207628587253588,0,0,4
ultrahardcore,5.6009143357962015e-05,2,0,17
hitmobile,2.5505042981821946e-05,1,0,8
medicine,0.001207295614221912,1,0,8
nintendonx,0.0008696621451489092,1,0,8
battlebots,0.00045272279134250825,1,0,8
debateanatheist,0.0008029392908780589,2,0,17
animefigures,0.00010551098224890833,1,0,8
ladybonersgw,0.00025513291186700474,5,0,10
pkmntcgtrades,0.0002526847919210033,1,0,8
reformed,0.00011728415546016564,2,0,17
browns,0.0007755125509640097,7,0,20
campingandhiking,0.0013893316548948163,1,0,8
techsupportgore,0.003561140254135865,3,0,1
vandwellers,0.0008319650950546865,1,0,8
verizon,0.0005569950018712144,0,0,4
shittyama,0.0006610411161517686,57,0,-1
ironthronepowers,0.00012413318532810352,4,0,16
menslib,0.0004237614860711534,0,0,4
infj,0.00043267177058492137,2,0,17
ingress,0.001088522853403715,1,0,8
hoggit,0.0007663023134314925,1,0,8
mtb,0.0017150753097037819,1,0,8
talesoflink,1.520667586674272e-06,3,0,1
hfy,0.0007120031261916658,1,0,8
edmproduction,0.001361480904630055,2,0,17
abrathatfits,0.0003720845237799081,0,0,4
dirtykikpals,0.0001144151016115998,7,0,20
rpg,0.0019017315056743516,4,0,16
kulchasimulator,-3.036280556624066e-20,5,0,10
detroit,0.0005211387574754655,2,0,17
bluejackets,0.00018814382053137645,3,0,1
vinyl,0.0021218413201150414,0,0,4
truedota2,0.0007324226826028675,0,0,4
gallifrey,0.0007075530465049789,2,0,17
redditsync,0.0009785437538390755,3,0,1
wildstar,0.0007057546564367256,0,0,4
rollercoasters,0.00014871172941790175,3,0,1
gifrecipes,0.003654787295357047,2,0,17
femradebates,0.0003696666000074007,0,0,4
israel,0.0011540701810955564,2,0,17
nyknicks,0.0006518166806421873,17,0,25
strangerthings,0.002341701095147153,3,0,1
dresdenfiles,0.0007139439534395348,3,0,1
deadbedrooms,0.0008788218940890832,7,0,20
subaru,0.0026296703781842432,2,0,17
edc,0.0026113401325323347,2,0,17
newyorkmets,0.0006877628691954077,5,0,10
c25k,0.00048354185482994916,0,0,4
fairytail,0.0001913788838456128,5,0,10
7daystodie,0.0008953111152394757,1,0,8
minneapolis,0.0008359931462865431,2,0,17
truechristian,0.00034556456658291137,1,0,8
lgbteens,0.0003076941285549408,0,0,4
buyitforlife,0.002696716170569993,2,0,17
gendercritical,0.000251977559056455,2,0,17
civilizatonexperiment,0.00011204697871086136,1,0,8
nsfwfunny,0.0016891163877057716,0,0,4
terraria,0.0025183394473254784,2,0,17
ufc,0.0009704719720016707,0,0,4
opticgaming,0.00024737239179549095,6,0,9
minimalism,0.0010024528487187572,2,0,17
asksciencediscussion,0.0009709399969275543,0,0,4
testosterone,0.00012638233394198897,6,0,9
haskell,0.00019796442311914588,2,0,17
wepes,0.00018266258421295093,1,0,8
rocketbeans,9.306832555509449e-05,1,0,8
starvstheforcesofevil,0.00019147491005381433,0,0,4
worldoftanks,0.0015342314232802997,3,0,1
spam,0.00042243622871361434,2,0,17
minnesota,0.0012316493542629883,1,0,8
negareddit,0.0007592849299608109,1,0,8
ask_politics,0.00116252809818825,1,0,8
privacy,0.00151670062210145,1,0,8
sanfrancisco,0.001592952639943487,4,0,16
gamestop,0.0004628978851076772,3,0,1
ripcity,0.0004493937773328927,3,0,1
instant_regret,0.006224863488742745,2,0,17
vikingstv,0.0003295130542672841,1,0,8
panthers,0.0007040523908069401,4,0,16
buccaneers,0.0007667057178370949,5,0,10
unbgbbiivchidctiicbg,0.004225713189552147,1,0,8
shittyaskscience,0.006215581580410254,3,0,1
wicked_edge,0.0014178151788849242,0,0,4
indonesia,0.00027325213099262336,1,0,8
aquariums,0.001756734414442097,9,0,22
phillies,0.00022262678784495176,2,0,17
doesanybodyelse,0.003253838325573497,0,0,4
holdthemoan,0.002006827365417963,3,0,1
gundeals,0.0017363856572448935,1,0,8
cyberpunk,0.0018332720874753758,0,0,4
comics,0.006700815720545602,2,0,17
vmware,0.0003378366409618259,1,0,8
braves,0.0006043039957682815,1,0,8
seattlewa,0.002111777751583909,4,0,16
outreachhpg,0.00038143473943444086,4,0,16
gundam,0.000643704546107891,2,0,17
cycling,0.0005750053126697365,0,0,4
flyers,0.0011438445808255426,16,0,23
piano,0.0009770580935981683,3,0,1
hookah,0.0003243074265392677,0,0,4
synthesizers,0.0007520715989519124,4,0,16
nursing,0.0009801463892097045,2,0,17
thesimpsons,0.0022077066012131073,2,0,17
leaves,0.0009008559552927122,0,0,4
web_design,0.0015231472162583158,1,0,8
7kglobal,2.6795590084551138e-05,3,0,1
suggestalaptop,0.0006607620937911168,1,0,8
naruto,0.0018808334168750609,9,0,22
fullcommunism,0.0021148862941805166,3,0,1
secretsubreddit,2.6121430074037672e-05,5,0,10
takecareofmyplant,0.00016567458711441184,25,0,6
jrpg,0.0008643758593801808,0,0,4
makingamurderer,0.0011356911355738376,4,0,16
blackladies,0.00018815471133630453,0,0,4
uoft,0.0004935102819113906,1,0,8
dirtybomb,0.00045063973512214785,0,0,4
coffee,0.0018262697247531585,4,0,16
starwarsspeculation,0.0004921610521640036,1,0,8
bankballexchange,2.626664637341282e-05,3,0,1
saltlakecity,0.00048424386160928704,1,0,8
androidapps,0.0015326255103489553,0,0,4
rocket_league_trading,1.8250890256847557e-05,3,0,1
skrillex,0.0002611018078909907,1,0,8
rawdenim,0.0004626767140846857,2,0,17
historyporn,0.006977447808628363,4,0,16
hunting,0.0014774790385234772,2,0,17
footballmanagergames,0.0011579345262237545,1,0,8
gonewildcurvy,0.0010795641797807659,3,0,1
linux4noobs,0.0007348829818777953,1,0,8
sixers,0.0004850495357233555,11,0,24
marvelheroes,0.0004171979704802234,1,0,8
millerplanetside,1.4048353628952158e-06,1,0,8
teslore,0.000361188123021824,2,0,17
cardfightvanguard,7.89066201251674e-05,2,0,17
everymanshouldknow,0.002292045628977051,0,0,4
sadcringe,0.0029607982496062503,1,0,8
premed,0.0003458304415241332,0,0,4
swordartonline,0.00026689229132333586,0,0,4
fffffffuuuuuuuuuuuu,0.0037685133693267075,4,0,16
amisexy,0.0010927379779544387,0,0,4
bettercallsaul,0.0010392127828126928,1,0,8
hackernews,9.812388614725044e-06,0,0,4
talesfromyourserver,0.0017827494534271003,1,0,8
suggestmeabook,0.0011037281315160708,2,0,17
solotravel,0.0008363941194511553,1,0,8
sexover30,0.00023965455602651802,2,0,17
killingfloor,0.0005529562441082485,2,0,17
watchitfortheplot,0.0017741344064964156,0,0,4
gwabackstage,3.9260523420135204e-05,2,0,17
runningcirclejerk,4.512746122586784e-05,7,0,20
torontoraptors,0.0007063623484270092,1,0,8
goldandblack,0.0004414774716522267,0,0,4
sjsu,0.0002217448647798285,1,0,8
askfeminists,0.0003572299782306641,2,0,17
morrowind,0.000773962658171448,0,0,4
arabs,0.00027930622633081764,1,0,8
iosthemes,0.0005974112486398352,1,0,8
harrypotter,0.003752415002086132,5,0,10
redsox,0.000763837905901204,14,0,14
progressive,0.0015922127098287602,2,0,17
audiophile,0.0011212950521660308,1,0,8
adoptmyvillager,0.000329441369284997,3,0,1
bindingofisaac,0.0015444289431993054,2,0,17
emulation,0.0008921347469116144,2,0,17
waltdisneyworld,0.0007474393321066115,0,0,4
ifyoulikeblank,0.0009723257628617585,1,0,8
electricforest,0.00022940515000276286,1,0,8
traaaaaaannnnnnnnnns,0.0008364585064676216,1,0,8
ck2gameofthrones,0.0004890706783588167,1,0,8
wine,0.0002938577365976685,0,0,4
buildapcforme,0.0009590789744076513,2,0,17
godhoodwb,1.2305086826410185e-05,3,0,1
drumcorps,0.0003531094383403207,3,0,1
shadowban,9.116257536380477e-06,1,0,8
badeconomics,0.0008133012593325692,1,0,8
rust,0.0003156799656009751,0,0,4
autos,0.001766299054317956,0,0,4
theydidthemath,0.0022906105719118787,0,0,4
oldpeoplefacebook,0.0023691126811735937,1,0,8
jobs,0.0020928058957439526,5,0,10
sugarlifestyleforum,1.1263137157758518e-05,0,0,4
clg,0.00043021848538556595,1,0,8
boxoffice,0.000548623869197801,0,0,4
edm,0.0010077734104429322,0,0,4
fitnesscirclejerk,0.00014865246832776227,0,0,4
milliondollarextreme,0.000736967771922361,7,0,20
pumparum,0.00030217492221577754,4,0,16
neutralpolitics,0.0025092434756968074,3,0,1
mademesmile,0.0014661108344512573,0,0,4
rateme,0.0016414040010907472,3,0,1
brasildob,2.838085865551081e-05,1,0,8
mistyfront,-3.3003667310273697e-19,0,0,4
northcarolina,0.0009103566890907852,5,0,10
fatpeoplestories,0.0012639807120949013,0,0,4
criticalrole,0.0005605429753320135,2,0,17
diy_ejuice,0.0005533410802663227,2,0,17
sto,0.0005362288450015425,1,0,8
starwarsrebels,0.0006701638572012891,4,0,16
battlefield3,0.0009744952566065779,0,0,4
the_meltdown,0.0030989223763797378,5,0,10
buttcoin,0.00039796851833498177,1,0,8
physics,0.001140763881277809,0,0,4
college,0.0006341990489832628,1,0,8
adhd,0.001331705415302418,0,0,4
blunderyears,0.0036161135214571954,7,0,20
undelete,0.0022695355469290507,1,0,8
navy,0.0003058376152411013,1,0,8
ontario,0.0006867037390255593,2,0,17
ockytop,0.00023230495016224374,5,0,10
madlads,0.0037062119443012063,1,0,8
netflixbestof,0.0026479942937797027,1,0,8
onceuponatime,0.0002605758915666495,1,0,8
google,0.0013741554061895075,1,0,8
copypasta,0.0007298259019423085,0,0,4
teachers,0.0015180416848293167,4,0,16
gardening,0.0023489876411721226,4,0,16
srssucks,0.000626648947512628,0,0,4
eesti,0.00015119170584034476,0,0,4
greysanatomy,0.0004885665263371666,3,0,1
homeautomation,0.0005451964985122219,0,0,4
losangelesrams,0.0007831855924350647,6,0,9
usmc,0.0005959410271104362,1,0,8
maa,6.243416797183091e-05,3,0,1
lowlevelaware,6.320399804675857e-08,8,0,11
sabres,0.00016655919616441226,1,0,8
kodi,0.0001893417372040908,3,0,1
slowcooking,0.001520055228794535,0,0,4
shield,0.001699687620507588,9,0,22
popping,0.0018506502913135429,0,0,4
accidentalrenaissance,0.0014608706260847743,1,0,8
tdi,0.0003297311168958791,2,0,17
swagbucks,7.676417809657853e-05,1,0,8
uber,0.0005531816588842324,7,0,20
tattoos,0.003504613350622052,1,0,8
characterrant,0.0002566874297620473,2,0,17
nufc,0.00043699525270438663,2,0,17
himynameisjay,5.023334307650824e-05,3,0,1
peloton,0.00043249604864736786,2,0,17
gonemild,0.0005605970866940786,3,0,1
theredlion,6.985288629717466e-05,1,0,8
redskins,0.000519535253220751,5,0,10
sexsells,0.00010099391915002897,3,0,1
nyjets,0.0010653323200428971,12,0,26
dundermifflin,0.002222018792644684,0,0,4
falcons,0.0011510118798637183,5,0,10
redditfox,-2.4212906673022833e-20,3,0,1
ticktockmanitowoc,0.0003407674860080557,8,0,11
london,0.0015886464197127248,0,0,4
serbia,4.312432718404711e-05,2,0,17
galaxynote7,0.0007347027387067661,2,0,17
golfgti,0.00046586366464994875,0,0,4
frat,0.0004544786768107336,0,0,4
giivasunner,0.00035485673527026803,0,0,4
brisbane,0.001079599313066485,3,0,1
rockband,0.0005278366544344587,0,0,4
sandiego,0.001267137350628943,1,0,8
petitegonewild,0.0007527676431906363,4,0,16
asstastic,0.0007311701278773322,0,0,4
nfl_draft,0.00034853637300874405,3,0,1
devils,0.00023706839768794256,2,0,17
patientgamers,0.004286029956828582,3,0,1
pittsburgh,0.0005128966236026003,0,0,4
disney,0.0006439106590169401,2,0,17
zelda,0.0014658734226228472,1,0,8
japanlife,0.00033207055121129087,5,0,10
nashville,0.0005908761166753956,4,0,16
ttcafterloss,2.9943135696889846e-05,5,0,10
starwarstrader,2.5860348419407156e-06,3,0,1
insurgency,0.00038185664551382514,2,0,17
laclippers,0.00011408218575051463,2,0,17
whitepeoplegifs,0.0037360516316824488,1,0,8
bayarea,0.0016632317013098772,3,0,1
jontron,0.0008805941123729734,0,0,4
wredditcountryclub,0.00018061615019102716,0,0,4
mopeio,3.4157619468332775e-05,5,0,10
razer,0.00014204584415577812,0,0,4
fakeid,0.0001572787425530164,2,0,17
flashlight,0.0004313736730346956,4,0,16
uvtrade,0.00010388536543667274,2,0,17
redhotchilipeppers,0.00041003613770476216,1,0,8
ashens,7.11670816019192e-05,2,0,17
comedycemetery,0.0020461257777192425,1,0,8
detroitredwings,0.0006739136231546019,1,0,8
enoughlibertarianspam,0.0010479128657677895,1,0,8
tumblr,0.0030535298858066,1,0,8
dkcleague,-7.377857482805293e-20,2,0,17
bpdlovedones,0.00015086415610806195,1,0,8
waiting_to_try,0.00013308039048611097,1,0,8
nostalgia,0.0029458831324612163,0,0,4
migrantfleet,9.490883078347998e-07,0,0,4
muacirclejerk,0.0005069767715772591,0,0,4
wwesupercard,0.00023325203032002528,2,0,17
stocks,0.001306797420425089,1,0,8
mvis,5.73990840395437e-19,0,0,4
cigars,0.0005716548256360184,2,0,17
chibears,0.0009624020105996848,8,0,11
exmuslim,0.0008536524363201618,0,0,4
cripplingalcoholism,0.0004992349153473849,3,0,1
earwolf,0.00033971217186905603,0,0,4
psychonaut,0.0014099980670123973,2,0,17
amiiboswap,0.00018097492686105934,11,0,24
weightlifting,0.00032362098400548137,3,0,1
dishonored,0.0012750063457914647,4,0,16
unity3d,0.0008505152377632105,3,0,1
joinsquad,0.000662190511413623,2,0,17
alberta,0.0004568869554680082,1,0,8
hpfanfiction,9.557904730033685e-05,6,0,9
ainbow,0.00106315948051476,0,0,4
artisanvideos,0.001429016242496243,1,0,8
surfing,0.0005041612340992946,0,0,4
bluelight,4.31181561728778e-05,0,0,4
natureisfuckinglit,0.003040164318574868,0,0,4
theforest,0.0004361742419159051,0,0,4
mylittleandysonic1,0.0001085424435490173,3,0,1
answers,0.0022083588853503314,0,0,4
conspiratard,0.001359583293705981,0,0,4
datahoarder,0.0011746937882005232,0,0,4
boombeach,0.00034846625086729777,0,0,4
catsstandingup,0.0013081463248156735,4,0,16
borderlands,0.0007583163093115065,0,0,4
bikecommuting,0.0005940332656084828,2,0,17
wsgy,8.114219759169461e-05,3,0,1
preppers,0.0010651581791597748,1,0,8
rpgstuck,6.76077805611317e-05,4,0,16
timberwolves,0.0003034102452120104,2,0,17
gatekeeping,0.0023671104825552856,1,0,8
badphilosophy,0.0004516776730793603,1,0,8
tressless,0.00012826817251404102,0,0,4
theinnbetween,1.2928032208729305e-08,4,0,16
startups,0.0008208757986775634,1,0,8
whatsthisbug,0.001587181920900369,3,0,1
mac,0.001148377574758391,4,0,16
snowboarding,0.001211956918803018,4,0,16
orioles,0.00033803519153464756,2,0,17
toontown,0.0002498694205539538,0,0,4
barca,0.0005226438544625398,0,0,4
edmontonoilers,0.0003844099805411388,0,0,4
contestofchampions,0.00040836905830836005,2,0,17
vegetarian,0.0010376444446585829,1,0,8
arma,0.00106904024931287,0,0,4
askphysics,0.000532944794308644,0,0,4
tulpas,0.00022974313964082635,0,0,4
freedonuts,7.090306760240926e-05,1,0,8
nationals,0.00021790747896324153,0,0,4
evilbuildings,0.0012705524335139273,1,0,8
getdisciplined,0.0005256455568026369,2,0,17
anormaldayinrussia,0.0017267226397914264,1,0,8
bakchodi,1.2753322565657005e-05,2,0,17
elysiumproject,0.00044771277193591673,1,0,8
rochester,0.000502439002352901,1,0,8
baltimore,0.0007998186592670664,4,0,16
wrestlewiththeplot,0.0005779853842828034,2,0,17
monitors,0.000546129655391315,0,0,4
mindcrack,0.00042298205590869507,0,0,4
goodyearwelt,0.00034765776171452687,0,0,4
ravens,0.0005641277092177312,3,0,1
nerf,0.00014141329957660716,0,0,4
badhistory,0.000566382265631269,0,0,4
speedrun,0.0006716779068351009,2,0,17
idontworkherelady,0.0013474559633838464,1,0,8
wellthatsucks,0.002100052208767603,1,0,8
whiskey,0.00023295898926793023,0,0,4
nevertellmetheodds,0.001973802971556223,0,0,4
youtubetitties,0.0002369123981483303,2,0,17
wouldyourather,0.0013846919743267904,1,0,8
ptcgo,0.0002425965603238541,1,0,8
finland,0.00038436783571500337,1,0,8
geek,0.0016420865562179726,0,0,4
